{
  "courses": [
    {
      "id": 1,
      "name": "course 1",
      "duration": "30"
    },
    {
      "id": "2",
      "name": "course 2",
      "duration": "10"
    },
    {
      "id": "3",
      "name": "course 3",
      "duration": "35"
    },
    {
      "id": "4",
      "name": "course 4",
      "duration": "50"
    },
    {
      "id": "5",
      "name": "course 5",
      "duration": "12"
    },
    {
      "id": "Gs23-T5",
      "name": "course 6",
      "duration": "768"
    }
  ],
  "coursesjson": [
    {
      "id": 1,
      "courseId": 1,
      "courseName": "angular js 1.x",
      "coursePrice": "500"
    },
    {
      "id": 2,
      "courseName": "Angular js 2.x",
      "coursePrice": 500,
      "courseId": 2
    },
    {
      "id": 3,
      "courseName": "react js",
      "coursePrice": 600,
      "courseId": 3
    },
    {
      "id": 4,
      "courseName": "backbone js",
      "coursePrice": 700,
      "courseId": 4
    }
  ]
}